block_id,size,kind,members,blockperm_TS,blockperm_late
0,2,protein,GLY172 + GLN173,-0.00037091333,-0.0023474128
1,1,protein,TYR149,9.7978229e-05,-0.0016846173
2,1,protein,GLY212,-0.0018941727,-0.0011104413
3,2,protein,ASN141 + SER148,-0.00075659675,-0.0010761288
4,1,protein,THR147,-0.00079329458,-9.8146882e-05
5,8,protein,ILE19 + THR24 + CYS25 + THR29 + VAL30 + SER137 + LYS154 + CYS155,-0.0043023786,-0.00037580939
6,12,protein,PRO31 + TYR32 + SER46 + LEU47 + ILE48 + ASN49 + VAL54 + LEU114 + ASN115 + ALA119 + SER120 + PRO198,0.00027815382,-0.0016128908
7,1,protein,SER116,-0.0016446749,0.00013659148
8,8,protein,MET178 + TYR230 + SER232 + ILE234 + LYS235 + GLN236 + ILE238 + ALA239,-0.0015545578,-0.0031013824
9,1,protein,VAL209,-0.002564874,0.00067670166
10,1,protein,THR175,-0.0012118472,-0.0011924166
11,1,protein,ILE121,-0.0022746684,-0.00061203767
12,1,protein,THR142,0.0007603132,-0.00083116883
13,1,protein,CYS191,-0.0016220295,-0.0022937638
14,74,protein,VAL20 + GLY21 + GLY22 + SER122 + LEU123 + PRO124 + THR125 + SER126 + CYS127 + ALA128 + SER129 + ALA130 + GLY131 + THR132 + GLN133 + CYS134 + LEU135 + ILE136 + LEU156 + LYS157 + ALA158 + PRO159 + ILE160 + LEU161 + SER162 + ASP163 + SER164 + SER165 + CYS166 + LYS167 + SER168 + ALA169 + TYR170 + ILE174 + SER176 + ASN177 + PHE179 + CYS180 + ALA181 + GLY182 + TYR183 + LEU184 + GLU185 + GLY186 + GLY187 + LYS188 + ASP189 + SER190 + VAL199 + VAL200 + CYS201 + SER202 + GLY203 + LYS204 + LEU205 + GLN206 + GLY207 + ILE208 + CYS215 + ALA216 + GLN217 + LYS218 + ASN219 + LYS220 + PRO221 + GLY222 + VAL223 + TYR224 + THR225 + LYS226 + VAL227 + CYS228 + ASN229 + VAL231,0.025147609,0.089877169
15,2,protein,PRO171 + SER213,-0.0022743815,-0.0050724458
16,37,protein,ALA56 + ALA57 + HIS58 + CYS59 + TYR60 + LYS87 + SER88 + ILE89 + VAL90 + HIS91 + PRO92 + SER93 + TYR94 + ASN95 + SER96 + ASN97 + THR98 + LEU99 + ASN100 + ASN101 + ASP102 + ILE103 + MET104 + LEU105 + ILE106 + LYS107 + LYS143 + SER144 + SER145 + GLY146 + GLN192 + SER210 + TRP211 + GLY214 + TRP233 + THR237 + SER240,0.067018398,0.064219001
17,1,protein,TYR23,0.00017536841,-0.0010956406
18,1,protein,TYR40,-0.0018027968,-0.00075526228
19,33,protein,GLY26 + ALA27 + ASN28 + GLN33 + VAL34 + SER35 + HIS41 + GLY44 + ARG67 + LEU68 + GLY69 + GLU70 + ASP71 + ASN72 + ILE73 + VAL75 + VAL76 + GLU77 + GLY78 + ASN79 + GLU80 + GLN81 + PHE82 + GLY138 + TRP139 + GLY140 + PRO150 + ASP151 + VAL152 + LEU153 + GLY193 + ASP194 + CAL1,-0.0023852287,-0.0044563126
20,15,protein,GLY45 + SER50 + GLN51 + TRP52 + VAL53 + SER55 + LEU108 + SER110 + ALA111 + ALA112 + SER113 + ARG117 + VAL118 + GLY196 + GLY197,-0.0028712206,-0.0046448839
21,18,protein,LEU36 + ASN37 + SER38 + GLY39 + PHE42 + CYS43 + LYS61 + SER62 + GLY63 + ILE64 + GLN65 + VAL66 + ILE83 + SER84 + ALA85 + SER86 + LYS109 + SER195,0.019756041,0.0069016976
22,1,protein,ASN74,-0.0022853014,-0.0019154099
23,1,protein,ASN241,0.00011764663,-0.0018732893
24,1,water,water rank16,0.00018081651,-0.00036085954
25,1,water,water rank19,0.00090699256,-0.00031798246
26,1,water,water rank2,0.0027807618,-0.00015416667
27,1,water,water rank48,-0.00079519683,-0.0018664015
28,1,water,water rank28,0.0088004497,-0.00013499877
29,1,water,water rank45,-0.0033141481,-0.0007718254
30,1,water,water rank14,-0.00089770158,-0.0019124269
31,1,water,water rank8,0.0017179542,-0.00087535505
32,1,water,water rank25,-0.0025413129,-0.00073118402
33,1,water,water rank11,-0.002952884,-0.0012072894
34,1,water,water rank23,0.00057639608,-0.0002686451
35,1,water,water rank29,-0.00094731478,-0.00087879073
36,1,water,water rank36,-0.00213862,0.00036715368
37,1,water,water rank40,-0.00032595068,-8.0940989e-05
38,1,water,water rank37,-0.0010874314,-0.00058055556
39,1,water,water rank39,-0.00082137657,0.00074285714
40,1,water,water rank22,-0.0028201217,-0.00056530816
41,1,water,water rank34,-0.00087953294,-0.00023718387
42,1,water,water rank18,0.00073297373,-0.0015824506
43,1,water,water rank24,0.0018538597,-0.0012276942
44,1,water,water rank6,0.0015894268,-0.0020018968
45,2,water,water rank32 + water rank35,-0.00016769485,-0.00050149482
46,1,water,water rank5,-0.0012147607,-0.00049580201
47,1,water,water rank17,-0.0010569836,-0.0017518022
48,1,water,water rank20,0.00084184945,-0.0013276488
49,1,water,water rank3,0.002509496,-0.00073616427
50,1,water,water rank0,0.00037860561,-0.0015804473
51,1,water,water rank30,-0.0019439023,-0.0002245671
52,1,water,water rank33,-0.00015919753,-0.00020673844
53,1,water,water rank21,0.00042214933,-0.00048915529
54,1,water,water rank47,0.00048013672,-0.0018163543
55,1,water,water rank13,-0.00060375874,-0.00067415041
56,1,water,water rank49,0.0011012025,-0.0011628816
57,1,water,water rank15,5.2236859e-05,-0.0012191388
58,1,water,water rank27,-0.0014632314,-0.0011531034
59,1,water,water rank9,-0.0020981038,-0.00075980102
60,1,water,water rank26,-0.0027004396,-0.0018272849
61,1,water,water rank10,-0.0013930471,-0.0011356231
62,1,water,water rank31,-0.0011271659,-0.001014787
63,1,water,water rank4,-0.0019780557,-0.0010204726
64,1,water,water rank38,-0.00067889851,-5.2788221e-05
65,1,water,water rank43,0.002101306,5.3751804e-05
66,1,water,water rank46,-0.00020896405,-0.001107909
67,1,water,water rank1,-0.00031887784,-0.0021274123
68,1,water,water rank41,0.0057059719,-0.0012933404
69,1,water,water rank12,0.00052146984,0.00043626943
70,1,water,water rank42,-0.0017526024,-0.00064048663
71,1,water,water rank7,-0.002407823,-0.00083875007
72,1,water,water rank44,-0.00046533558,-0.0013841004
