index,name,kind,resid,raw_water_id
0,ILE19,protein,19,
1,VAL20,protein,20,
2,GLY21,protein,21,
3,GLY22,protein,22,
4,TYR23,protein,23,
5,THR24,protein,24,
6,CYS25,protein,25,
7,GLY26,protein,26,
8,ALA27,protein,27,
9,ASN28,protein,28,
10,THR29,protein,29,
11,VAL30,protein,30,
12,PRO31,protein,31,
13,TYR32,protein,32,
14,GLN33,protein,33,
15,VAL34,protein,34,
16,SER35,protein,35,
17,LEU36,protein,36,
18,ASN37,protein,37,
19,SER38,protein,38,
20,GLY39,protein,39,
21,TYR40,protein,40,
22,HIS41,protein,41,
23,PHE42,protein,42,
24,CYS43,protein,43,
25,GLY44,protein,44,
26,GLY45,protein,45,
27,SER46,protein,46,
28,LEU47,protein,47,
29,ILE48,protein,48,
30,ASN49,protein,49,
31,SER50,protein,50,
32,GLN51,protein,51,
33,TRP52,protein,52,
34,VAL53,protein,53,
35,VAL54,protein,54,
36,SER55,protein,55,
37,ALA56,protein,56,
38,ALA57,protein,57,
39,HIS58,protein,58,
40,CYS59,protein,59,
41,TYR60,protein,60,
42,LYS61,protein,61,
43,SER62,protein,62,
44,GLY63,protein,63,
45,ILE64,protein,64,
46,GLN65,protein,65,
47,VAL66,protein,66,
48,ARG67,protein,67,
49,LEU68,protein,68,
50,GLY69,protein,69,
51,GLU70,protein,70,
52,ASP71,protein,71,
53,ASN72,protein,72,
54,ILE73,protein,73,
55,ASN74,protein,74,
56,VAL75,protein,75,
57,VAL76,protein,76,
58,GLU77,protein,77,
59,GLY78,protein,78,
60,ASN79,protein,79,
61,GLU80,protein,80,
62,GLN81,protein,81,
63,PHE82,protein,82,
64,ILE83,protein,83,
65,SER84,protein,84,
66,ALA85,protein,85,
67,SER86,protein,86,
68,LYS87,protein,87,
69,SER88,protein,88,
70,ILE89,protein,89,
71,VAL90,protein,90,
72,HIS91,protein,91,
73,PRO92,protein,92,
74,SER93,protein,93,
75,TYR94,protein,94,
76,ASN95,protein,95,
77,SER96,protein,96,
78,ASN97,protein,97,
79,THR98,protein,98,
80,LEU99,protein,99,
81,ASN100,protein,100,
82,ASN101,protein,101,
83,ASP102,protein,102,
84,ILE103,protein,103,
85,MET104,protein,104,
86,LEU105,protein,105,
87,ILE106,protein,106,
88,LYS107,protein,107,
89,LEU108,protein,108,
90,LYS109,protein,109,
91,SER110,protein,110,
92,ALA111,protein,111,
93,ALA112,protein,112,
94,SER113,protein,113,
95,LEU114,protein,114,
96,ASN115,protein,115,
97,SER116,protein,116,
98,ARG117,protein,117,
99,VAL118,protein,118,
100,ALA119,protein,119,
101,SER120,protein,120,
102,ILE121,protein,121,
103,SER122,protein,122,
104,LEU123,protein,123,
105,PRO124,protein,124,
106,THR125,protein,125,
107,SER126,protein,126,
108,CYS127,protein,127,
109,ALA128,protein,128,
110,SER129,protein,129,
111,ALA130,protein,130,
112,GLY131,protein,131,
113,THR132,protein,132,
114,GLN133,protein,133,
115,CYS134,protein,134,
116,LEU135,protein,135,
117,ILE136,protein,136,
118,SER137,protein,137,
119,GLY138,protein,138,
120,TRP139,protein,139,
121,GLY140,protein,140,
122,ASN141,protein,141,
123,THR142,protein,142,
124,LYS143,protein,143,
125,SER144,protein,144,
126,SER145,protein,145,
127,GLY146,protein,146,
128,THR147,protein,147,
129,SER148,protein,148,
130,TYR149,protein,149,
131,PRO150,protein,150,
132,ASP151,protein,151,
133,VAL152,protein,152,
134,LEU153,protein,153,
135,LYS154,protein,154,
136,CYS155,protein,155,
137,LEU156,protein,156,
138,LYS157,protein,157,
139,ALA158,protein,158,
140,PRO159,protein,159,
141,ILE160,protein,160,
142,LEU161,protein,161,
143,SER162,protein,162,
144,ASP163,protein,163,
145,SER164,protein,164,
146,SER165,protein,165,
147,CYS166,protein,166,
148,LYS167,protein,167,
149,SER168,protein,168,
150,ALA169,protein,169,
151,TYR170,protein,170,
152,PRO171,protein,171,
153,GLY172,protein,172,
154,GLN173,protein,173,
155,ILE174,protein,174,
156,THR175,protein,175,
157,SER176,protein,176,
158,ASN177,protein,177,
159,MET178,protein,178,
160,PHE179,protein,179,
161,CYS180,protein,180,
162,ALA181,protein,181,
163,GLY182,protein,182,
164,TYR183,protein,183,
165,LEU184,protein,184,
166,GLU185,protein,185,
167,GLY186,protein,186,
168,GLY187,protein,187,
169,LYS188,protein,188,
170,ASP189,protein,189,
171,SER190,protein,190,
172,CYS191,protein,191,
173,GLN192,protein,192,
174,GLY193,protein,193,
175,ASP194,protein,194,
176,SER195,protein,195,
177,GLY196,protein,196,
178,GLY197,protein,197,
179,PRO198,protein,198,
180,VAL199,protein,199,
181,VAL200,protein,200,
182,CYS201,protein,201,
183,SER202,protein,202,
184,GLY203,protein,203,
185,LYS204,protein,204,
186,LEU205,protein,205,
187,GLN206,protein,206,
188,GLY207,protein,207,
189,ILE208,protein,208,
190,VAL209,protein,209,
191,SER210,protein,210,
192,TRP211,protein,211,
193,GLY212,protein,212,
194,SER213,protein,213,
195,GLY214,protein,214,
196,CYS215,protein,215,
197,ALA216,protein,216,
198,GLN217,protein,217,
199,LYS218,protein,218,
200,ASN219,protein,219,
201,LYS220,protein,220,
202,PRO221,protein,221,
203,GLY222,protein,222,
204,VAL223,protein,223,
205,TYR224,protein,224,
206,THR225,protein,225,
207,LYS226,protein,226,
208,VAL227,protein,227,
209,CYS228,protein,228,
210,ASN229,protein,229,
211,TYR230,protein,230,
212,VAL231,protein,231,
213,SER232,protein,232,
214,TRP233,protein,233,
215,ILE234,protein,234,
216,LYS235,protein,235,
217,GLN236,protein,236,
218,THR237,protein,237,
219,ILE238,protein,238,
220,ALA239,protein,239,
221,SER240,protein,240,
222,ASN241,protein,241,
223,CAL1,protein,1,
224,water rank0,water,-1,HOH8047
225,water rank1,water,-1,HOH556
226,water rank2,water,-1,HOH678
227,water rank3,water,-1,HOH1690
228,water rank4,water,-1,HOH3864
229,water rank5,water,-1,HOH302
230,water rank6,water,-1,HOH9214
231,water rank7,water,-1,HOH7460
232,water rank8,water,-1,HOH1953
233,water rank9,water,-1,HOH4055
234,water rank10,water,-1,HOH10652
235,water rank11,water,-1,HOH2357
236,water rank12,water,-1,HOH6192
237,water rank13,water,-1,HOH4879
238,water rank14,water,-1,HOH435
239,water rank15,water,-1,HOH1920
240,water rank16,water,-1,HOH10503
241,water rank17,water,-1,HOH350
242,water rank18,water,-1,HOH11634
243,water rank19,water,-1,HOH8179
244,water rank20,water,-1,HOH11238
245,water rank21,water,-1,HOH9785
246,water rank22,water,-1,HOH4607
247,water rank23,water,-1,HOH1613
248,water rank24,water,-1,HOH2313
249,water rank25,water,-1,HOH1718
250,water rank26,water,-1,HOH3267
251,water rank27,water,-1,HOH2805
252,water rank28,water,-1,HOH10644
253,water rank29,water,-1,HOH5148
254,water rank30,water,-1,HOH11270
255,water rank31,water,-1,HOH10769
256,water rank32,water,-1,HOH372
257,water rank33,water,-1,HOH1105
258,water rank34,water,-1,HOH8351
259,water rank35,water,-1,HOH335
260,water rank36,water,-1,HOH5768
261,water rank37,water,-1,HOH8231
262,water rank38,water,-1,HOH7040
263,water rank39,water,-1,HOH2033
264,water rank40,water,-1,HOH1366
265,water rank41,water,-1,HOH2662
266,water rank42,water,-1,HOH4105
267,water rank43,water,-1,HOH9789
268,water rank44,water,-1,HOH7714
269,water rank45,water,-1,HOH4209
270,water rank46,water,-1,HOH6933
271,water rank47,water,-1,HOH11020
272,water rank48,water,-1,HOH6924
273,water rank49,water,-1,HOH11885
