index,name,kind,resid,raw_water_id,gini,perm,shap,direction_effect,direction_sign
0,ILE19,protein,19,,0.0023288912,2.8791594e-05,nan,-0.134021,-1
1,VAL20,protein,20,,0.0022248235,-0.00099106907,nan,0.437685,1
2,GLY21,protein,21,,0.0033458294,-0.00091499432,nan,0.54157,1
3,GLY22,protein,22,,0.0055661555,-0.0010501755,nan,0.708134,1
4,TYR23,protein,23,,0.0058123728,0.00010934967,nan,0.740357,1
5,THR24,protein,24,,0.0022513418,-0.001074878,nan,0.135238,1
6,CYS25,protein,25,,0.0019278376,-0.0019055468,nan,-0.031218,-1
7,GLY26,protein,26,,0.0020481215,0.00024816566,nan,-0.165117,-1
8,ALA27,protein,27,,0.0020822024,-0.0007381484,nan,-0.224564,-1
9,ASN28,protein,28,,0.0038819801,0.00062670813,nan,-0.304189,-1
10,THR29,protein,29,,0.0021014388,-0.0022775533,nan,0.0302295,1
11,VAL30,protein,30,,0.0018454906,-0.0011974608,nan,-0.0428425,-1
12,PRO31,protein,31,,0.0024399213,-0.0013610393,nan,-0.107376,-1
13,TYR32,protein,32,,0.0022281925,-0.0004249515,nan,-0.0569398,-1
14,GLN33,protein,33,,0.0016933632,-0.0013925647,nan,-0.43769,-1
15,VAL34,protein,34,,0.0016619469,0.00012191697,nan,-0.462996,-1
16,SER35,protein,35,,0.0017807898,-0.0016907589,nan,-0.391883,-1
17,LEU36,protein,36,,0.0055403932,-0.0021657579,nan,-0.890933,-1
18,ASN37,protein,37,,0.0026050369,-0.00031050415,nan,-0.714635,-1
19,SER38,protein,38,,0.0097241919,-0.00026536657,nan,-0.970815,-1
20,GLY39,protein,39,,0.0072497147,-0.0032303329,nan,-0.879256,-1
21,TYR40,protein,40,,0.0057161373,-0.0016798674,nan,-0.797121,-1
22,HIS41,protein,41,,0.0020629826,-0.00079977414,nan,-0.162528,-1
23,PHE42,protein,42,,0.012849038,-0.0037512818,nan,-0.868052,-1
24,CYS43,protein,43,,0.012264772,-0.00045935737,nan,-0.928558,-1
25,GLY44,protein,44,,0.0019400182,-0.00074405782,nan,-0.547384,-1
26,GLY45,protein,45,,0.0021281441,-0.0025466926,nan,-0.551418,-1
27,SER46,protein,46,,0.0020391166,-0.0017927419,nan,-0.129391,-1
28,LEU47,protein,47,,0.0018879819,0.00029924707,nan,-0.363041,-1
29,ILE48,protein,48,,0.0022462966,-0.001854366,nan,-0.112731,-1
30,ASN49,protein,49,,0.0015914917,-0.00018017206,nan,-0.415632,-1
31,SER50,protein,50,,0.0031353375,-0.0021361297,nan,-0.583159,-1
32,GLN51,protein,51,,0.0020957046,0.00022581532,nan,-0.840255,-1
33,TRP52,protein,52,,0.0022137581,-0.0003029707,nan,-0.704679,-1
34,VAL53,protein,53,,0.0033871079,0.0014123868,nan,-0.767574,-1
35,VAL54,protein,54,,0.0017792485,-0.0010550105,nan,-0.520899,-1
36,SER55,protein,55,,0.004241192,0.00047880794,nan,-0.880633,-1
37,ALA56,protein,56,,0.0036663217,-0.00037344957,nan,-0.914339,-1
38,ALA57,protein,57,,0.0046370332,-0.0025246727,nan,-0.956148,-1
39,HIS58,protein,58,,0.010866459,0.00030602454,nan,-1.00218,-1
40,CYS59,protein,59,,0.014287648,0.00013886276,nan,-1.06235,-1
41,TYR60,protein,60,,0.013641351,0.00017687883,nan,-1.1202,-1
42,LYS61,protein,61,,0.0061621067,-0.0026002861,nan,-0.93386,-1
43,SER62,protein,62,,0.013458113,0.00022142212,nan,-1.14398,-1
44,GLY63,protein,63,,0.011496151,0.0032224384,nan,-1.01431,-1
45,ILE64,protein,64,,0.011971487,0.00017589795,nan,-0.94482,-1
46,GLN65,protein,65,,0.0037947569,9.9093387e-05,nan,-0.822556,-1
47,VAL66,protein,66,,0.0028185623,-0.0022438534,nan,-0.74606,-1
48,ARG67,protein,67,,0.0016180038,-0.002040431,nan,-0.528677,-1
49,LEU68,protein,68,,0.0018538654,-0.0018273263,nan,-0.432129,-1
50,GLY69,protein,69,,0.0020649169,-0.00094358825,nan,-0.414533,-1
51,GLU70,protein,70,,0.0020784079,-0.00093684528,nan,-0.351491,-1
52,ASP71,protein,71,,0.0023183949,-0.00089118796,nan,-0.198721,-1
53,ASN72,protein,72,,0.0017486006,-0.0015335715,nan,-0.134332,-1
54,ILE73,protein,73,,0.0026027898,-0.0024645144,nan,-0.218054,-1
55,ASN74,protein,74,,0.0027230571,-0.0019276828,nan,-0.231759,-1
56,VAL75,protein,75,,0.0019802127,-0.00068448211,nan,-0.185441,-1
57,VAL76,protein,76,,0.0019301124,-0.0021233728,nan,-0.285369,-1
58,GLU77,protein,77,,0.0017634568,-0.00098480392,nan,-0.239028,-1
59,GLY78,protein,78,,0.0018266259,-0.0013541926,nan,-0.273264,-1
60,ASN79,protein,79,,0.0019297353,-0.00031133832,nan,-0.385278,-1
61,GLU80,protein,80,,0.0018286977,-0.0010675567,nan,-0.325548,-1
62,GLN81,protein,81,,0.0015832872,-0.0016664133,nan,-0.487623,-1
63,PHE82,protein,82,,0.001549979,-0.00063904412,nan,-0.426439,-1
64,ILE83,protein,83,,0.0036661844,-0.0016803977,nan,-0.818585,-1
65,SER84,protein,84,,0.0050544462,-0.0021184578,nan,-0.901445,-1
66,ALA85,protein,85,,0.0067838444,-0.0011781584,nan,-0.980698,-1
67,SER86,protein,86,,0.0068999952,-0.0022286188,nan,-0.829454,-1
68,LYS87,protein,87,,0.012957968,-0.00060956575,nan,-1.07266,-1
69,SER88,protein,88,,0.010575351,-0.00011289484,nan,-1.07492,-1
70,ILE89,protein,89,,0.006781112,0.00013623317,nan,-0.965437,-1
71,VAL90,protein,90,,0.010636556,0.001250807,nan,-1.01028,-1
72,HIS91,protein,91,,0.0031459375,-0.00010838489,nan,-0.86828,-1
73,PRO92,protein,92,,0.003537926,0.00093863563,nan,-0.867581,-1
74,SER93,protein,93,,0.0052374835,-0.00027920161,nan,-0.945885,-1
75,TYR94,protein,94,,0.01257642,0.0012540333,nan,-1.03772,-1
76,ASN95,protein,95,,0.0062272238,-0.00049907258,nan,-0.97671,-1
77,SER96,protein,96,,0.0065781103,-0.002727841,nan,-1.02529,-1
78,ASN97,protein,97,,0.0025637918,0.00082010652,nan,-0.854147,-1
79,THR98,protein,98,,0.0060275027,0.0013950498,nan,-0.901382,-1
80,LEU99,protein,99,,0.0050025802,0.00099852026,nan,-0.923585,-1
81,ASN100,protein,100,,0.0038437073,-0.00035271087,nan,-0.85487,-1
82,ASN101,protein,101,,0.0031898853,0.0015418422,nan,-0.793974,-1
83,ASP102,protein,102,,0.0039807684,0.0015304002,nan,-0.890446,-1
84,ILE103,protein,103,,0.0027269386,7.7234203e-07,nan,-0.779102,-1
85,MET104,protein,104,,0.0086902765,-0.00029388569,nan,-1.01155,-1
86,LEU105,protein,105,,0.0034765982,-6.0004481e-05,nan,-0.872131,-1
87,ILE106,protein,106,,0.0060905469,-0.00043583172,nan,-0.960005,-1
88,LYS107,protein,107,,0.0054333741,-0.00017292618,nan,-1.00354,-1
89,LEU108,protein,108,,0.002486338,-0.00066349315,nan,-0.772846,-1
90,LYS109,protein,109,,0.0046765311,-0.001210769,nan,-0.934289,-1
91,SER110,protein,110,,0.0028101712,-0.00089967594,nan,-0.793956,-1
92,ALA111,protein,111,,0.0034047414,-0.0017503578,nan,-0.724477,-1
93,ALA112,protein,112,,0.0021334952,-0.0014881514,nan,-0.588512,-1
94,SER113,protein,113,,0.002190383,0.00093479777,nan,-0.439812,-1
95,LEU114,protein,114,,0.0028914904,0.00023484254,nan,-0.21712,-1
96,ASN115,protein,115,,0.002247334,-0.0020613286,nan,-0.169628,-1
97,SER116,protein,116,,0.0024533403,-0.0023042495,nan,-0.183143,-1
98,ARG117,protein,117,,0.0020443089,-0.00013919945,nan,-0.279309,-1
99,VAL118,protein,118,,0.0023953306,0.00020809313,nan,-0.292589,-1
100,ALA119,protein,119,,0.0022432974,-0.0025035827,nan,-0.115961,-1
101,SER120,protein,120,,0.00199429,-0.0011106498,nan,-0.0888927,-1
102,ILE121,protein,121,,0.0036854719,-0.0032092447,nan,0.322553,1
103,SER122,protein,122,,0.0020638788,-0.0017393101,nan,0.376318,1
104,LEU123,protein,123,,0.0037293525,0.00091994167,nan,0.260864,1
105,PRO124,protein,124,,0.0017518349,0.00089653138,nan,0.385204,1
106,THR125,protein,125,,0.0015721994,0.00079845901,nan,0.385944,1
107,SER126,protein,126,,0.0015849319,-0.0010852556,nan,0.451696,1
108,CYS127,protein,127,,0.0020224912,0.00027098945,nan,0.448929,1
109,ALA128,protein,128,,0.0028270455,-0.0013017538,nan,0.519639,1
110,SER129,protein,129,,0.0011532681,-0.00053904848,nan,0.572548,1
111,ALA130,protein,130,,0.0014849659,-0.0005257325,nan,0.624303,1
112,GLY131,protein,131,,0.0016009336,-0.00156055,nan,0.653219,1
113,THR132,protein,132,,0.0014833312,-0.0011108382,nan,0.59353,1
114,GLN133,protein,133,,0.0022374287,-9.341522e-05,nan,0.504839,1
115,CYS134,protein,134,,0.0018007491,0.00031431443,nan,0.547284,1
116,LEU135,protein,135,,0.0034686596,-0.0013181523,nan,0.570317,1
117,ILE136,protein,136,,0.0041586339,-0.0025673497,nan,0.534066,1
118,SER137,protein,137,,0.0021109985,0.00051381744,nan,-0.277605,-1
119,GLY138,protein,138,,0.0021225478,-0.0012105849,nan,-0.381711,-1
120,TRP139,protein,139,,0.0014348197,-0.0012906524,nan,-0.211768,-1
121,GLY140,protein,140,,0.0018441497,-0.00087577406,nan,0.0299096,1
122,ASN141,protein,141,,0.0021757302,0.00019453358,nan,0.418646,1
123,THR142,protein,142,,0.00289478,0.001275178,nan,0.5263,1
124,LYS143,protein,143,,0.0044426109,-0.002161267,nan,0.7995,1
125,SER144,protein,144,,0.003880705,-0.0011805526,nan,0.833091,1
126,SER145,protein,145,,0.015832333,0.0024380173,nan,1.09769,1
127,GLY146,protein,146,,0.012166515,0.0010534556,nan,0.962016,1
128,THR147,protein,147,,0.0028298011,-0.0008539479,nan,0.00908193,1
129,SER148,protein,148,,0.0025298694,-0.0017337639,nan,0.439058,1
130,TYR149,protein,149,,0.0027775913,0.00055129164,nan,-0.430995,-1
131,PRO150,protein,150,,0.0018103342,-0.0012012683,nan,0.0212233,1
132,ASP151,protein,151,,0.0016169286,0.0004269504,nan,-0.038371,-1
133,VAL152,protein,152,,0.0018545241,0.0001066438,nan,-0.143462,-1
134,LEU153,protein,153,,0.0023281441,-0.00071669535,nan,-0.334002,-1
135,LYS154,protein,154,,0.0017766027,-0.0012483397,nan,-0.0973075,-1
136,CYS155,protein,155,,0.0021457411,-0.0026845481,nan,0.325315,1
137,LEU156,protein,156,,0.0021450997,-0.0010062211,nan,0.649633,1
138,LYS157,protein,157,,0.0018261336,-0.001083079,nan,0.636053,1
139,ALA158,protein,158,,0.0014978761,0.00032252032,nan,0.609107,1
140,PRO159,protein,159,,0.0011252937,-4.2828005e-05,nan,0.633103,1
141,ILE160,protein,160,,0.0016642721,0.00059591548,nan,0.571789,1
142,LEU161,protein,161,,0.001446109,-0.00049325851,nan,0.598383,1
143,SER162,protein,162,,0.0013038826,7.4745287e-05,nan,0.65335,1
144,ASP163,protein,163,,0.002568789,-0.00034298259,nan,0.659171,1
145,SER164,protein,164,,0.0013853295,-0.00022468956,nan,0.663829,1
146,SER165,protein,165,,0.0015737344,0.00030678207,nan,0.625838,1
147,CYS166,protein,166,,0.0019867284,-0.00084713162,nan,0.666258,1
148,LYS167,protein,167,,0.0018908055,0.00038526133,nan,0.704205,1
149,SER168,protein,168,,0.0030677616,-0.0012711911,nan,0.733743,1
150,ALA169,protein,169,,0.002313093,-0.0011985918,nan,0.679725,1
151,TYR170,protein,170,,0.0025073523,-0.00087374222,nan,0.674819,1
152,PRO171,protein,171,,0.0066803651,-0.0010283976,nan,0.818751,1
153,GLY172,protein,172,,0.0037674522,0.0011148074,nan,0.409786,1
154,GLN173,protein,173,,0.0039788914,0.00068538219,nan,-0.0274481,-1
155,ILE174,protein,174,,0.0037779957,0.0021517658,nan,0.696914,1
156,THR175,protein,175,,0.0038212061,-0.0012160682,nan,-0.149523,-1
157,SER176,protein,176,,0.0031301648,0.00023137662,nan,0.213796,1
158,ASN177,protein,177,,0.0026695641,-0.00042109777,nan,0.178434,1
159,MET178,protein,178,,0.0025805838,-5.9424208e-05,nan,-0.376865,-1
160,PHE179,protein,179,,0.0019886176,0.0012000493,nan,0.499705,1
161,CYS180,protein,180,,0.0016987481,-0.00013232143,nan,0.606176,1
162,ALA181,protein,181,,0.0013593887,-0.0016471102,nan,0.623067,1
163,GLY182,protein,182,,0.0013590614,-0.00074890675,nan,0.607372,1
164,TYR183,protein,183,,0.00118688,-0.00038581822,nan,0.598265,1
165,LEU184,protein,184,,0.0016045337,-0.00046179768,nan,0.635325,1
166,GLU185,protein,185,,0.0011850095,0.00017396806,nan,0.641688,1
167,GLY186,protein,186,,0.001162781,-1.6985577e-05,nan,0.634954,1
168,GLY187,protein,187,,0.0016291683,-0.00013030654,nan,0.531214,1
169,LYS188,protein,188,,0.0015042077,-0.002061497,nan,0.588746,1
170,ASP189,protein,189,,0.0012837722,-0.00032741658,nan,0.630318,1
171,SER190,protein,190,,0.0029394318,-0.00057760163,nan,0.385316,1
172,CYS191,protein,191,,0.0022709591,-0.0019404097,nan,-0.222218,-1
173,GLN192,protein,192,,0.0059420507,0.0011923718,nan,-0.785467,-1
174,GLY193,protein,193,,0.0018019086,-0.0023543047,nan,-0.357249,-1
175,ASP194,protein,194,,0.0021129302,-0.00064577534,nan,-0.451979,-1
176,SER195,protein,195,,0.0078575758,-0.0010565074,nan,-0.808667,-1
177,GLY196,protein,196,,0.0023386132,-0.00044214976,nan,-0.647924,-1
178,GLY197,protein,197,,0.0021613094,-0.0014976359,nan,-0.488854,-1
179,PRO198,protein,198,,0.0029587072,-0.002495276,nan,0.17242,1
180,VAL199,protein,199,,0.0030045416,-0.0012368234,nan,0.499274,1
181,VAL200,protein,200,,0.0036517486,-0.0021765888,nan,0.537096,1
182,CYS201,protein,201,,0.0018833338,-0.0021128586,nan,0.510095,1
183,SER202,protein,202,,0.0027636234,0.00032524613,nan,0.539421,1
184,GLY203,protein,203,,0.004990297,0.0018919242,nan,0.541849,1
185,LYS204,protein,204,,0.00283066,0.00019432047,nan,0.472119,1
186,LEU205,protein,205,,0.0025450408,-0.00081312021,nan,0.315416,1
187,GLN206,protein,206,,0.0018691912,-0.00013216686,nan,0.439994,1
188,GLY207,protein,207,,0.001776416,-1.0151017e-05,nan,0.407762,1
189,ILE208,protein,208,,0.0038607835,0.00044613684,nan,0.35976,1
190,VAL209,protein,209,,0.0020087383,-0.0019362981,nan,-0.333444,-1
191,SER210,protein,210,,0.0027472793,-0.00043836271,nan,-0.739873,-1
192,TRP211,protein,211,,0.008328406,-4.5993897e-05,nan,-0.62024,-1
193,GLY212,protein,212,,0.0020115345,-0.0014167116,nan,0.319063,1
194,SER213,protein,213,,0.0073928244,-0.0013379031,nan,0.810518,1
195,GLY214,protein,214,,0.013654873,-0.0022804027,nan,0.956226,1
196,CYS215,protein,215,,0.001523843,-0.0013725304,nan,0.620943,1
197,ALA216,protein,216,,0.0016976584,-0.00063683418,nan,0.496056,1
198,GLN217,protein,217,,0.0020845712,-0.0022510958,nan,0.763061,1
199,LYS218,protein,218,,0.0014709358,-0.0014476477,nan,0.681947,1
200,ASN219,protein,219,,0.0033216827,-0.001466361,nan,0.790461,1
201,LYS220,protein,220,,0.0020025753,0.0002359842,nan,0.739713,1
202,PRO221,protein,221,,0.001154779,0.0013911215,nan,0.531436,1
203,GLY222,protein,222,,0.0012786794,0.00034168392,nan,0.536529,1
204,VAL223,protein,223,,0.0014348327,0.0013162776,nan,0.551135,1
205,TYR224,protein,224,,0.0016219156,-0.0007144402,nan,0.623485,1
206,THR225,protein,225,,0.003336128,-6.2750123e-05,nan,0.268878,1
207,LYS226,protein,226,,0.0021703581,0.00034228037,nan,0.33012,1
208,VAL227,protein,227,,0.0020402469,-0.0014347119,nan,0.245004,1
209,CYS228,protein,228,,0.0017953105,-0.00083479973,nan,0.311345,1
210,ASN229,protein,229,,0.0042278708,0.0013396064,nan,-0.0266521,-1
211,TYR230,protein,230,,0.0032100156,0.00016972606,nan,-0.208726,-1
212,VAL231,protein,231,,0.0019863067,-0.0011790811,nan,0.23351,1
213,SER232,protein,232,,0.002405902,-0.00087589595,nan,-0.0471523,-1
214,TRP233,protein,233,,0.0023944412,0.0012185391,nan,-0.717491,-1
215,ILE234,protein,234,,0.0026115138,-0.0014549607,nan,-0.237129,-1
216,LYS235,protein,235,,0.0024952426,0.00095953186,nan,-0.312497,-1
217,GLN236,protein,236,,0.001934523,-0.00073052469,nan,-0.523808,-1
218,THR237,protein,237,,0.0027974839,3.0593983e-05,nan,-0.81468,-1
219,ILE238,protein,238,,0.0025012586,-0.0018784028,nan,-0.455153,-1
220,ALA239,protein,239,,0.0019436673,-0.00096373436,nan,-0.631932,-1
221,SER240,protein,240,,0.0038346225,-0.0012689447,nan,-0.712802,-1
222,ASN241,protein,241,,0.003617659,-0.00065441394,nan,-0.496724,-1
223,CAL1,protein,1,,0.0018109413,-0.0017024917,nan,-0.228722,-1
224,water rank0,water,-1,HOH8047,0.0032694446,0.0010942733,nan,0.312248,1
225,water rank1,water,-1,HOH556,0.0061029857,0.00060383138,nan,0.269605,1
226,water rank2,water,-1,HOH678,0.0064000633,0.0033528111,nan,-0.129996,-1
227,water rank3,water,-1,HOH1690,0.00368697,0.0035897432,nan,-0.362109,-1
228,water rank4,water,-1,HOH3864,0.0025321031,-0.0018709367,nan,0.0218122,1
229,water rank5,water,-1,HOH302,0.0070240985,-0.002406658,nan,0.273148,1
230,water rank6,water,-1,HOH9214,0.00712331,0.0020702562,nan,-0.246987,-1
231,water rank7,water,-1,HOH7460,0.0030419582,-0.0021651844,nan,0.0747701,1
232,water rank8,water,-1,HOH1953,0.0046369252,0.00042653447,nan,0.204307,1
233,water rank9,water,-1,HOH4055,0.0041381958,-0.0017421218,nan,0.215583,1
234,water rank10,water,-1,HOH10652,0.0036335442,-0.00083996074,nan,0.109951,1
235,water rank11,water,-1,HOH2357,0.0046684127,-0.0019050699,nan,0.225371,1
236,water rank12,water,-1,HOH6192,0.0038845081,-0.00066008527,nan,0.0819356,1
237,water rank13,water,-1,HOH4879,0.0029566448,-0.0013441146,nan,0.158484,1
238,water rank14,water,-1,HOH435,0.0026953267,-0.0010593824,nan,0.0493522,1
239,water rank15,water,-1,HOH1920,0.0031652452,-7.5248274e-05,nan,0.100995,1
240,water rank16,water,-1,HOH10503,0.0032597598,0.00017006575,nan,-0.0392405,-1
241,water rank17,water,-1,HOH350,0.0040981208,-0.002342784,nan,0.246286,1
242,water rank18,water,-1,HOH11634,0.0080469335,-0.00026173114,nan,0.359196,1
243,water rank19,water,-1,HOH8179,0.0033107656,0.001803613,nan,0.00201693,1
244,water rank20,water,-1,HOH11238,0.0035167582,0.00054657619,nan,-0.222478,-1
245,water rank21,water,-1,HOH9785,0.0049816973,-0.00028911112,nan,0.102781,1
246,water rank22,water,-1,HOH4607,0.0066696976,-0.0014448964,nan,0.262444,1
247,water rank23,water,-1,HOH1613,0.004754266,0.00024846902,nan,-0.209271,-1
248,water rank24,water,-1,HOH2313,0.0041297364,0.0029530287,nan,-0.217058,-1
249,water rank25,water,-1,HOH1718,0.0032749461,-0.0016544867,nan,0.00444242,1
250,water rank26,water,-1,HOH3267,0.0032523052,-0.0017930913,nan,-0.0719729,-1
251,water rank27,water,-1,HOH2805,0.0026483583,-0.0015113865,nan,0.0178013,1
252,water rank28,water,-1,HOH10644,0.011533125,0.010391812,nan,0.43585,1
253,water rank29,water,-1,HOH5148,0.0036095453,-0.00079917283,nan,-0.00866435,-1
254,water rank30,water,-1,HOH11270,0.0025519745,-0.0023171589,nan,0.0852726,1
255,water rank31,water,-1,HOH10769,0.0035182359,-0.001982812,nan,-0.209541,-1
256,water rank32,water,-1,HOH372,0.001590697,-0.0013280719,nan,0.624302,1
257,water rank33,water,-1,HOH1105,0.0031803496,-0.00020622513,nan,-0.108907,-1
258,water rank34,water,-1,HOH8351,0.0060702481,-0.0011937901,nan,-0.00467028,-1
259,water rank35,water,-1,HOH335,0.001498257,5.1171654e-05,nan,0.58978,1
260,water rank36,water,-1,HOH5768,0.0027671138,-0.001901848,nan,0.104654,1
261,water rank37,water,-1,HOH8231,0.00378073,-0.00042431123,nan,0.0424906,1
262,water rank38,water,-1,HOH7040,0.0023789444,-0.0012691938,nan,0.230495,1
263,water rank39,water,-1,HOH2033,0.0029384198,-0.00085117356,nan,0.0252621,1
264,water rank40,water,-1,HOH1366,0.0048804574,-0.0010559895,nan,-0.225414,-1
265,water rank41,water,-1,HOH2662,0.010910823,0.0062111077,nan,0.473141,1
266,water rank42,water,-1,HOH4105,0.0035206291,-0.0019886668,nan,0.0433882,1
267,water rank43,water,-1,HOH9789,0.0050513,0.0031606519,nan,0.274836,1
268,water rank44,water,-1,HOH7714,0.0031113125,-0.00056787186,nan,0.0251725,1
269,water rank45,water,-1,HOH4209,0.0043612078,-0.0023158979,nan,0.06247,1
270,water rank46,water,-1,HOH6933,0.0024499922,-0.0002222029,nan,0.0980184,1
271,water rank47,water,-1,HOH11020,0.00313097,0.00042559184,nan,0.231417,1
272,water rank48,water,-1,HOH6924,0.0059522011,-0.00070636825,nan,-0.378176,-1
273,water rank49,water,-1,HOH11885,0.0042580113,0.00084702148,nan,-0.129309,-1
